timestamp,duration_clean_repository,duration_without_gradle_cache,duration_with_all_caches
2022-03-14T14:29:25-03:00,554,447,40
2022-03-15T14:29:34-03:00,609,868,91
2022-03-16T14:29:38-03:00,342,227,73
2022-03-17T14:29:39-03:00,957,568,37
2022-03-18T14:29:40-03:00,399,576,66
2022-03-19T14:29:40-03:00,257,24,67
2022-03-20T14:29:41-03:00,62,257,68
2022-03-21T14:29:42-03:00,472,61,10
2022-03-22T14:29:43-03:00,246,585,30
2022-03-23T14:29:44-03:00,998,439,54
2022-03-24T14:29:45-03:00,25,797,47
2022-03-25T14:29:46-03:00,947,323,91
2022-03-26T14:29:46-03:00,165,455,21
2022-03-27T14:29:47-03:00,497,2,28
2022-03-28T14:29:48-03:00,820,636,72
2022-03-29T14:29:48-03:00,95,486,31
2022-03-30T14:29:49-03:00,350,580,27
2022-03-31T14:29:50-03:00,316,148,75
2022-04-01T14:29:51-03:00,233,38,95
2022-04-02T14:29:51-03:00,187,583,46
2022-04-03T14:29:52-03:00,188,992,77
2022-04-04T14:29:53-03:00,77,791,83
2022-04-05T14:29:54-03:00,714,391,74
2022-04-06T14:29:56-03:00,47,256,94
2022-04-07T14:29:57-03:00,83,660,60
2022-04-08T14:29:59-03:00,275,668,89
2022-04-09T14:29:59-03:00,275,668,89
2022-04-10T14:29:59-03:00,275,668,89
2022-04-11T14:29:59-03:00,275,668,89